customer_id,age,gender,total_spend,num_purchases,avg_order_value,days_since_last_purchase,email_opens,campaign_response,last_purchase_date
CUST-0001,56,Female,340.26,12,26.18,29,5,0,2025-09-04
CUST-0002,69,Female,157.06,10,19.04,135,4,0,2025-06-12
CUST-0003,46,Female,1124.63,15,87.29,13,8,1,2025-06-22
CUST-0004,32,Female,197.26,9,27.29,42,4,1,2025-02-04
CUST-0005,60,Male,578.72,8,68.74,32,5,1,2025-10-11
CUST-0006,25,Male,969.28,12,82.5,1,4,0,2025-12-25
CUST-0007,38,Male,926.31,18,60.28,94,3,0,2025-12-24
CUST-0008,56,Female,393.14,13,25.56,4,6,1,2025-01-21
CUST-0009,36,Male,341.52,8,42.19,38,4,1,2025-11-04
CUST-0010,40,Male,351.24,12,32.64,49,5,0,2025-06-12
CUST-0011,28,Male,173.38,9,19.26,59,7,0,2025-04-07
CUST-0012,28,Male,388.08,9,40.23,70,3,1,2025-11-03
CUST-0013,41,Female,176.2,13,16.32,17,7,1,2025-12-05
CUST-0014,53,Female,921.66,15,67.53,0,5,1,2025-02-24
CUST-0015,57,Male,337.64,12,25.06,77,7,0,2025-11-29
CUST-0016,41,Male,404.33,11,37.36,46,5,0,2025-05-07
CUST-0017,20,Female,319.85,8,39.25,108,7,1,2025-07-12
CUST-0018,39,Male,303.47,11,28.35,103,5,0,2025-08-31
CUST-0019,19,Male,500.49,13,47.09,111,4,0,2025-12-15
CUST-0020,41,Male,301.99,14,24.9,39,5,0,2025-03-29
CUST-0021,61,Male,491.79,9,55.86,24,11,1,2025-12-02
CUST-0022,47,Female,195.78,15,14.77,94,7,0,2025-08-03
CUST-0023,55,Female,410.06,14,35.72,36,6,1,2025-04-02
CUST-0024,19,Male,843.92,7,105.99,12,3,1,2025-10-30
CUST-0025,38,Male,346.68,16,18.17,115,0,1,2025-08-23
CUST-0026,50,Female,344.9,14,22.05,128,10,1,2025-07-03
CUST-0027,29,Female,514.59,10,45.08,37,5,1,2025-02-07
CUST-0028,39,Female,297.66,9,36.88,4,5,0,2025-05-19
CUST-0029,61,Female,387.2,8,40.87,29,3,1,2025-07-14
CUST-0030,42,Male,429.29,11,44.41,97,4,0,2025-01-15
CUST-0031,66,Male,915.37,16,48.46,139,2,0,2025-09-14
CUST-0032,44,Female,694.86,9,64.45,13,2,1,2025-05-15
CUST-0033,59,Male,597.18,13,42.35,4,7,1,2025-01-01
CUST-0034,45,Female,444.13,13,28.65,125,3,1,2025-02-18
CUST-0035,33,Female,611.51,12,49.58,29,1,1,2025-04-06
CUST-0036,32,Female,1403.72,15,103.54,46,3,1,2025-07-20
CUST-0037,64,Male,506.76,17,30.58,206,7,0,2025-01-26
CUST-0038,68,Female,210.55,11,18.45,4,5,0,2025-12-09
CUST-0039,61,Male,480.18,9,64.34,62,5,1,2025-08-23
CUST-0040,69,Female,420.13,13,30.81,4,4,1,2025-12-15
CUST-0041,20,Female,85.76,8,8.99,28,5,1,2025-09-01
CUST-0042,54,Male,337.64,7,55.06,97,5,1,2025-12-24
CUST-0043,68,Other,241.48,9,24.02,34,3,1,2025-11-23
CUST-0044,24,Female,328.29,9,31.36,352,3,0,2025-12-17
CUST-0045,38,Male,808.89,17,40.41,49,6,1,2025-02-20
CUST-0046,26,Male,571.53,13,37.13,23,6,1,2025-03-22
CUST-0047,56,Male,562.38,11,50.69,14,4,1,2025-02-05
CUST-0048,35,Male,364.42,12,25.5,25,9,1,2025-03-08
CUST-0049,21,Male,397.49,8,45.05,27,6,1,2025-05-09
CUST-0050,42,Female,147.03,6,28.34,4,5,1,2025-06-04
CUST-0051,31,Male,460.02,9,51.59,27,5,1,2025-09-02
CUST-0052,67,Male,520.94,10,47.91,37,4,0,2025-04-21
CUST-0053,26,Female,237.73,14,18.89,76,10,1,2025-06-17
CUST-0054,43,Male,872.34,13,63.53,64,6,0,2025-05-22
CUST-0055,19,Female,384.15,15,24.01,74,2,0,2025-12-22
CUST-0056,37,Male,604.81,13,53.78,0,4,1,2025-07-16
CUST-0057,45,Male,508.26,12,41.28,14,3,0,2025-04-19
CUST-0058,64,Female,1106.1,10,99.77,65,2,1,2025-03-20
CUST-0059,24,Female,202.63,7,28.96,39,5,1,2025-06-10
CUST-0060,61,Female,302.54,14,26.85,0,6,1,2025-01-19
CUST-0061,25,Female,368.23,14,32.73,97,5,1,2025-05-07
CUST-0062,64,Female,234.28,9,27.61,88,10,0,2025-07-24
CUST-0063,52,Male,939.66,15,53.52,47,5,0,2025-01-29
CUST-0064,31,Male,100.77,9,12.56,4,5,0,2025-07-26
CUST-0065,34,Female,185.46,10,17.6,87,4,0,2025-10-07
CUST-0066,53,Female,279.18,18,17.45,52,4,1,2025-05-31
CUST-0067,67,Other,1087.84,20,58.57,91,3,1,2025-08-28
CUST-0068,57,Male,842.29,8,92.42,83,6,1,2025-09-23
CUST-0069,21,Male,509.21,15,31.1,97,4,0,2025-07-01
CUST-0070,19,Female,225.78,9,29.93,43,2,1,2025-04-15
CUST-0071,23,Male,637.54,19,34.54,9,9,0,2025-08-24
CUST-0072,59,Female,431.81,8,66.5,66,5,1,2025-06-22
CUST-0073,21,Female,339.03,18,18.98,58,9,1,2025-06-07
CUST-0074,46,Male,569.7,14,38.21,81,5,1,2025-06-21
CUST-0075,35,Female,957.18,19,59.45,11,5,0,2025-11-07
CUST-0076,43,Female,409.53,10,44.73,13,1,0,2025-06-06
CUST-0077,61,Male,320.26,9,37.1,132,5,0,2025-09-15
CUST-0078,51,Female,423.08,6,60.38,83,8,1,2025-06-13
CUST-0079,27,Female,78.3,10,6.54,143,6,0,2025-05-27
CUST-0080,53,Female,203.43,5,49.74,85,2,1,2025-06-03
CUST-0081,31,Male,296.47,12,22.37,54,5,0,2025-02-07
CUST-0082,48,Female,104.74,10,11.04,63,5,1,2025-05-11
CUST-0083,65,Male,732.09,17,45.0,131,4,0,2025-12-24
CUST-0084,32,Male,748.61,9,75.5,51,6,0,2025-09-12
CUST-0085,25,Female,605.08,17,30.49,60,5,0,2025-07-27
CUST-0086,31,Male,1177.09,17,58.66,10,6,1,2025-04-05
CUST-0087,40,Male,1347.27,15,87.13,38,5,0,2025-12-14
CUST-0088,57,Female,824.69,12,72.89,75,4,1,2025-11-23
CUST-0089,38,Female,1481.69,15,88.59,18,7,1,2025-06-20
CUST-0090,33,Female,511.96,11,51.69,13,5,1,2025-09-07
CUST-0091,62,Female,319.84,9,34.65,22,7,1,2025-07-09
CUST-0092,35,Male,119.44,10,12.66,16,6,0,2025-07-18
CUST-0093,64,Male,303.6,10,28.57,14,4,1,2025-08-09
CUST-0094,41,Male,71.59,4,19.97,33,8,0,2025-01-24
CUST-0095,43,Female,1174.71,11,121.82,143,4,1,2025-09-01
CUST-0096,42,Female,521.78,15,29.8,42,3,0,2025-11-20
CUST-0097,62,Female,329.78,11,35.66,12,5,0,2025-05-08
CUST-0098,58,Female,877.99,19,46.1,4,10,0,2025-04-03
CUST-0099,46,Male,392.53,13,33.99,71,6,1,2025-10-27
CUST-0100,32,Female,1418.8,19,91.56,28,4,1,2025-05-13
CUST-0101,62,Male,241.28,13,22.79,103,3,1,2025-02-24
CUST-0102,18,Female,291.46,9,37.22,64,3,0,2025-06-07
CUST-0103,42,Male,218.9,9,21.21,95,5,0,2025-01-29
CUST-0104,24,Female,205.42,15,15.0,19,2,1,2025-07-30
CUST-0105,26,Male,297.81,11,22.94,70,6,1,2025-06-03
CUST-0106,41,Male,468.26,14,32.39,18,2,0,2025-10-20
CUST-0107,18,Male,399.21,16,25.6,167,5,1,2025-08-10
CUST-0108,61,Female,203.04,9,21.86,60,2,0,2025-04-25
CUST-0109,25,Female,186.36,13,14.24,23,6,0,2025-06-07
CUST-0110,41,Male,312.85,9,31.5,18,3,0,2025-09-16
CUST-0111,28,Male,171.66,14,13.43,12,5,1,2025-09-08
CUST-0112,68,Female,295.07,6,52.25,71,2,1,2025-05-02
CUST-0113,34,Male,443.02,11,34.79,14,6,0,2025-10-26
CUST-0114,25,Female,227.87,14,13.81,54,6,0,2025-09-20
CUST-0115,52,Female,190.98,6,27.51,18,7,1,2025-02-18
CUST-0116,52,Male,285.75,14,21.09,65,6,1,2025-11-25
CUST-0117,50,Male,713.73,16,40.11,101,6,0,2025-10-24
CUST-0118,22,Other,879.83,12,74.02,90,4,0,2025-12-28
CUST-0119,59,Male,171.83,16,10.75,85,4,0,2025-03-18
CUST-0120,56,Male,438.04,14,35.48,12,7,0,2025-05-07
CUST-0121,58,Female,467.65,15,30.08,5,5,1,2025-07-16
CUST-0122,45,Female,606.49,14,49.54,72,5,1,2025-08-09
CUST-0123,24,Other,456.23,13,37.63,27,8,0,2025-04-01
CUST-0124,26,Female,409.45,17,21.09,33,4,0,2025-01-08
CUST-0125,25,Male,386.33,16,27.35,1,2,1,2025-02-01
CUST-0126,29,Male,170.17,10,20.54,18,3,1,2025-11-16
CUST-0127,51,Female,418.17,8,63.16,2,4,0,2025-09-26
CUST-0128,50,Female,631.26,16,33.54,126,6,1,2025-07-10
CUST-0129,65,Male,1350.79,13,103.62,16,9,1,2025-12-15
CUST-0130,40,Female,400.05,13,31.93,48,3,0,2025-06-12
CUST-0131,41,Male,365.13,15,21.65,2,5,0,2025-03-02
CUST-0132,54,Female,227.15,15,13.35,65,3,0,2025-09-21
CUST-0133,52,Male,219.8,21,11.22,23,2,1,2025-10-12
CUST-0134,61,Male,193.08,14,12.8,136,4,0,2025-04-05
CUST-0135,57,Male,430.85,10,38.87,131,9,0,2025-02-10
CUST-0136,39,Male,477.2,10,44.94,23,4,0,2025-05-29
CUST-0137,44,Male,165.5,15,12.82,138,5,0,2025-07-23
CUST-0138,52,Female,977.69,15,56.66,333,8,0,2025-09-24
CUST-0139,18,Female,302.01,12,24.78,104,8,1,2025-01-02
CUST-0140,52,Female,462.19,14,36.16,111,5,1,2025-06-27
CUST-0141,54,Other,929.66,11,87.12,17,3,1,2025-07-13
CUST-0142,64,Male,369.83,8,56.72,51,9,1,2025-12-02
CUST-0143,31,Male,335.91,14,28.19,4,2,0,2025-07-15
CUST-0144,20,Female,128.76,6,19.4,5,8,0,2025-12-09
CUST-0145,18,Male,102.03,14,9.11,365,7,0,2025-09-06
CUST-0146,22,Other,415.84,20,21.51,23,6,1,2025-07-31
CUST-0147,43,Male,323.87,11,29.18,82,9,1,2025-06-02
CUST-0148,31,Other,165.53,11,18.31,98,3,1,2025-06-07
CUST-0149,56,Male,618.84,17,30.61,117,6,1,2025-12-28
CUST-0150,44,Female,277.93,9,34.68,362,7,1,2025-05-19
CUST-0151,26,Female,373.43,14,28.94,16,7,0,2025-08-09
CUST-0152,32,Other,330.59,16,22.42,2,5,0,2025-09-30
CUST-0153,32,Male,719.16,22,36.64,31,5,1,2025-06-03
CUST-0154,43,Female,518.42,15,43.17,8,1,1,2025-09-06
CUST-0155,59,Other,131.52,7,17.21,1,7,0,2025-10-06
CUST-0156,30,Female,1649.31,18,77.21,26,4,1,2025-10-31
CUST-0157,68,Female,416.52,15,31.21,91,7,0,2025-10-03
CUST-0158,49,Female,249.72,7,33.49,50,5,0,2025-01-02
CUST-0159,56,Male,777.71,14,50.65,22,5,0,2025-03-29
CUST-0160,66,Female,347.19,8,38.09,63,3,1,2025-10-14
CUST-0161,69,Female,511.69,9,58.67,15,5,0,2025-05-10
CUST-0162,49,Female,362.39,10,39.34,0,5,1,2025-03-19
CUST-0163,21,Male,234.6,11,22.93,86,4,0,2025-09-17
CUST-0164,47,Male,580.31,13,41.14,58,3,1,2025-08-29
CUST-0165,54,Female,281.73,15,16.67,86,3,1,2025-05-21
CUST-0166,40,Female,370.07,12,35.34,2,5,1,2025-08-16
CUST-0167,56,Male,246.27,8,32.46,108,10,0,2025-06-12
CUST-0168,62,Female,441.08,13,29.23,57,2,0,2025-08-24
CUST-0169,32,Male,447.48,13,30.66,49,5,0,2025-05-08
CUST-0170,60,Male,127.87,10,10.71,58,3,0,2025-07-19
CUST-0171,46,Male,157.52,6,23.83,119,4,1,2025-01-31
CUST-0172,53,Male,368.66,11,35.01,53,6,0,2025-05-18
CUST-0173,30,Female,491.03,13,36.45,52,3,1,2025-01-21
CUST-0174,49,Male,285.31,15,17.87,280,4,0,2025-08-22
CUST-0175,24,Other,470.7,8,70.77,84,4,0,2025-07-21
CUST-0176,68,Other,260.53,13,19.69,35,5,1,2025-10-06
CUST-0177,39,Female,898.8,14,59.24,73,8,0,2025-05-11
CUST-0178,45,Female,370.96,10,42.79,29,5,1,2025-05-28
CUST-0179,19,Male,299.91,12,22.47,15,6,1,2025-01-29
CUST-0180,59,Female,1092.3,11,96.08,54,3,0,2025-12-27
CUST-0181,62,Female,229.28,12,16.18,158,4,1,2025-11-04
CUST-0182,23,Male,281.76,6,57.48,158,5,0,2025-06-11
CUST-0183,45,Female,492.25,9,60.36,25,6,1,2025-12-23
CUST-0184,45,Female,391.85,17,22.15,45,7,1,2025-12-06
CUST-0185,61,Female,982.05,14,76.36,14,5,1,2025-03-02
CUST-0186,61,Female,402.28,13,28.5,325,2,0,2025-05-05
CUST-0187,37,Female,347.68,8,39.38,238,6,0,2025-03-12
CUST-0188,47,Male,195.33,6,38.71,62,4,0,2025-11-22
CUST-0189,28,Female,276.47,9,30.55,97,2,0,2025-12-30
CUST-0190,45,Female,810.92,15,53.87,75,4,1,2025-08-31
CUST-0191,42,Male,505.23,10,53.31,53,2,1,2025-09-06
CUST-0192,56,Male,217.74,16,11.6,3,3,1,2025-08-09
CUST-0193,50,Male,901.1,11,72.43,36,4,0,2025-01-21
CUST-0194,18,Female,158.08,12,12.21,67,7,0,2025-03-23
CUST-0195,44,Other,1135.69,17,61.53,67,5,1,2025-12-10
CUST-0196,69,Male,577.02,9,65.11,28,5,0,2025-01-10
CUST-0197,30,Female,361.95,18,17.21,170,7,0,2025-01-12
CUST-0198,58,Male,362.63,13,25.88,10,9,1,2025-09-20
CUST-0199,20,Other,279.34,15,17.06,41,7,1,2025-05-25
CUST-0200,56,Female,266.57,8,29.11,70,6,0,2025-07-11
CUST-0201,23,Female,550.93,22,27.53,71,6,0,2025-09-07
CUST-0202,25,Male,949.82,16,52.87,62,9,0,2025-04-24
CUST-0203,44,Male,702.12,11,72.69,19,2,1,2025-01-26
CUST-0204,26,Male,717.77,10,76.51,10,3,0,2025-09-28
CUST-0205,54,Male,176.61,8,23.63,60,9,1,2025-02-02
CUST-0206,50,Female,765.62,22,29.21,54,3,1,2025-03-03
CUST-0207,68,Female,192.92,14,12.06,11,8,0,2025-08-17
CUST-0208,59,Other,330.95,15,20.42,73,5,1,2025-10-30
CUST-0209,61,Other,1417.81,22,59.08,36,4,0,2025-04-05
CUST-0210,41,Female,805.21,9,87.3,66,9,1,2025-02-04
CUST-0211,32,Female,148.91,8,15.79,108,2,0,2025-07-12
CUST-0212,49,Female,231.75,10,23.21,11,5,0,2025-03-17
CUST-0213,49,Female,341.36,11,32.59,1,10,1,2025-09-06
CUST-0214,41,Male,440.69,13,39.18,90,5,0,2025-03-24
CUST-0215,58,Male,181.62,8,20.37,56,4,1,2025-01-25
CUST-0216,69,Male,654.01,14,42.71,72,7,0,2025-02-26
CUST-0217,66,Female,308.97,13,24.92,109,3,1,2025-02-01
CUST-0218,66,Female,239.35,9,32.83,97,6,1,2025-11-15
CUST-0219,69,Male,469.73,9,45.96,194,3,1,2025-01-12
CUST-0220,29,Female,80.23,3,33.24,46,3,1,2025-11-15
CUST-0221,56,Female,275.67,10,25.49,40,4,0,2025-11-29
CUST-0222,19,Male,110.53,3,31.01,30,1,1,2025-04-02
CUST-0223,20,Male,398.15,13,31.41,10,2,1,2025-01-01
CUST-0224,66,Female,260.79,11,26.52,51,4,1,2025-11-22
CUST-0225,54,Female,368.08,12,28.35,19,5,1,2025-05-16
CUST-0226,66,Female,681.68,7,86.42,152,8,0,2025-07-15
CUST-0227,34,Female,472.31,10,46.37,52,7,0,2025-05-13
CUST-0228,66,Female,296.3,9,27.74,53,7,0,2025-03-27
CUST-0229,19,Female,908.33,22,50.31,26,2,0,2025-10-22
CUST-0230,19,Female,380.13,14,27.1,3,6,1,2025-10-06
CUST-0231,45,Female,1237.6,17,66.95,1,8,1,2025-11-20
CUST-0232,40,Male,899.4,19,41.34,33,6,0,2025-06-29
CUST-0233,54,Male,324.8,12,31.05,5,4,0,2025-01-04
CUST-0234,49,Male,824.81,17,43.32,56,4,0,2025-05-06
CUST-0235,50,Female,184.41,14,12.9,127,4,0,2025-06-24
CUST-0236,18,Female,145.29,9,16.84,128,1,0,2025-09-08
CUST-0237,36,Female,151.76,11,16.18,64,6,0,2025-01-21
CUST-0238,19,Male,289.46,7,36.08,14,8,0,2025-04-15
CUST-0239,61,Male,1050.44,13,93.64,119,7,1,2025-03-07
CUST-0240,43,Male,1984.05,17,126.32,130,7,0,2025-09-20
CUST-0241,49,Male,444.82,10,48.56,13,6,1,2025-02-18
CUST-0242,23,Female,770.46,15,44.72,80,6,0,2025-01-16
CUST-0243,49,Male,180.25,15,11.24,20,4,0,2025-05-25
CUST-0244,21,Male,427.96,16,23.91,97,3,1,2025-12-06
CUST-0245,28,Female,222.96,12,20.64,353,6,0,2025-09-07
CUST-0246,34,Male,239.6,10,22.82,1,3,0,2025-12-09
CUST-0247,55,Female,338.79,11,29.94,136,10,1,2025-12-20
CUST-0248,41,Female,310.99,11,24.95,58,5,1,2025-03-16
CUST-0249,22,Male,105.67,9,10.1,217,6,0,2025-10-17
CUST-0250,69,Female,375.73,9,51.87,37,6,1,2025-10-09
CUST-0251,51,Female,241.95,13,17.4,112,4,0,2025-03-07
CUST-0252,23,Female,407.9,13,38.23,3,6,1,2025-05-05
CUST-0253,39,Male,1289.05,11,114.94,24,5,1,2025-11-15
CUST-0254,28,Female,209.4,12,19.07,4,3,0,2025-03-28
CUST-0255,65,Female,73.69,11,7.26,222,2,0,2025-02-10
CUST-0256,33,Male,341.24,13,27.89,101,3,1,2025-07-05
CUST-0257,50,Male,873.87,13,64.11,114,2,1,2025-12-20
CUST-0258,26,Other,2002.24,20,107.23,166,8,0,2025-12-01
CUST-0259,23,Female,138.52,8,15.84,5,7,1,2025-09-23
CUST-0260,33,Male,429.06,10,44.61,29,4,1,2025-09-28
CUST-0261,46,Female,248.7,12,25.05,4,3,1,2025-02-11
CUST-0262,20,Male,346.08,10,31.08,14,3,0,2025-04-03
CUST-0263,37,Male,2219.56,15,161.84,15,6,0,2025-07-04
CUST-0264,53,Male,130.79,10,13.44,37,5,0,2025-08-03
CUST-0265,36,Male,579.88,14,38.56,18,1,0,2025-01-17
CUST-0266,43,Male,449.92,11,43.84,6,8,0,2025-09-22
CUST-0267,20,Male,418.1,8,63.53,10,9,1,2025-04-24
CUST-0268,36,Female,266.79,8,35.12,9,4,0,2025-10-19
CUST-0269,37,Male,656.92,14,39.84,216,7,1,2025-10-19
CUST-0270,49,Male,359.64,13,26.18,85,3,0,2025-02-17
CUST-0271,24,Female,873.38,21,38.92,206,7,0,2025-11-03
CUST-0272,69,Male,425.64,15,26.95,34,5,1,2025-04-07
CUST-0273,58,Female,845.82,20,48.08,19,6,1,2025-04-05
CUST-0274,50,Male,230.97,9,26.53,96,8,1,2025-11-22
CUST-0275,57,Male,593.94,13,41.52,23,2,0,2025-03-15
CUST-0276,56,Male,273.51,10,32.54,21,4,0,2025-12-02
CUST-0277,35,Male,889.46,15,65.08,15,9,0,2025-03-09
CUST-0278,57,Male,467.79,16,32.11,8,4,1,2025-09-03
CUST-0279,18,Male,155.67,14,11.43,17,4,0,2025-03-18
CUST-0280,28,Male,1094.31,13,70.61,26,3,0,2025-07-27
CUST-0281,45,Male,206.74,13,19.23,67,4,0,2025-09-11
CUST-0282,42,Male,202.84,9,22.37,3,4,1,2025-08-09
CUST-0283,67,Male,262.47,13,23.16,14,6,1,2025-09-19
CUST-0284,40,Male,807.86,9,75.54,99,7,0,2025-11-27
CUST-0285,48,Female,100.99,13,9.19,9,3,0,2025-12-10
CUST-0286,47,Female,2928.93,14,217.6,25,6,0,2025-09-16
CUST-0287,59,Male,751.71,11,62.4,119,8,1,2025-11-04
CUST-0288,52,Female,286.7,7,37.86,10,7,1,2025-03-15
CUST-0289,24,Female,434.7,14,32.04,5,3,0,2025-05-05
CUST-0290,33,Male,331.99,9,39.3,39,4,0,2025-07-07
CUST-0291,43,Female,347.33,8,45.27,21,6,0,2025-09-11
CUST-0292,65,Female,397.54,9,48.77,49,8,1,2025-11-17
CUST-0293,69,Male,244.63,6,46.22,97,3,1,2025-11-04
CUST-0294,66,Male,312.33,9,34.94,8,4,0,2025-08-23
CUST-0295,19,Female,453.83,17,29.42,52,3,0,2025-09-07
CUST-0296,18,Female,332.03,12,30.24,42,8,1,2025-11-28
CUST-0297,65,Male,313.07,10,29.46,9,1,1,2025-12-11
CUST-0298,29,Male,1009.23,13,65.38,58,3,0,2025-03-13
CUST-0299,22,Male,590.88,12,47.28,19,7,1,2025-08-23
CUST-0300,54,Female,37.68,8,5.67,40,5,0,2025-11-20
CUST-0301,49,Female,325.98,8,49.08,5,9,1,2025-06-05
CUST-0302,26,Male,307.59,7,37.22,36,5,0,2025-04-25
CUST-0303,58,Male,451.42,15,32.75,21,4,0,2025-11-09
CUST-0304,52,Female,395.1,18,26.23,103,5,0,2025-08-16
CUST-0305,36,Male,743.44,11,65.01,3,7,1,2025-11-18
CUST-0306,65,Male,736.34,12,58.47,32,3,0,2025-12-12
CUST-0307,33,Female,264.81,12,20.83,36,6,1,2025-09-02
CUST-0308,20,Female,575.19,15,42.28,77,7,1,2025-11-02
CUST-0309,37,Female,134.13,9,18.49,51,4,0,2025-01-14
CUST-0310,41,Female,205.94,12,14.47,66,4,0,2025-01-16
CUST-0311,50,Male,225.22,11,22.74,90,4,0,2025-02-11
CUST-0312,41,Male,773.14,13,55.56,118,3,1,2025-04-20
CUST-0313,69,Female,1143.35,18,58.67,22,4,1,2025-10-05
CUST-0314,28,Male,517.36,11,45.05,46,2,1,2025-11-20
CUST-0315,66,Male,710.11,15,51.17,109,7,0,2025-01-19
CUST-0316,25,Male,246.04,6,45.14,273,6,0,2025-03-07
CUST-0317,53,Male,187.36,8,22.54,132,7,0,2025-06-16
CUST-0318,55,Male,639.52,13,42.91,27,5,0,2025-03-14
CUST-0319,57,Male,1135.72,18,53.53,13,4,1,2025-11-06
CUST-0320,37,Male,570.2,13,52.07,40,5,1,2025-04-22
CUST-0321,52,Male,465.99,8,67.58,81,4,1,2025-10-01
CUST-0322,65,Female,656.26,11,50.65,40,7,1,2025-03-26
CUST-0323,42,Female,492.35,11,40.89,39,5,1,2025-05-19
CUST-0324,52,Female,1523.99,21,62.93,109,6,0,2025-02-08
CUST-0325,42,Female,602.98,21,32.59,26,5,1,2025-04-15
CUST-0326,46,Female,201.94,10,19.51,117,2,0,2025-11-20
CUST-0327,35,Male,356.91,11,30.03,31,4,1,2025-10-08
CUST-0328,63,Female,295.18,13,21.18,23,4,0,2025-05-03
CUST-0329,35,Female,276.49,13,22.08,36,6,1,2025-08-06
CUST-0330,19,Female,195.8,8,30.36,86,11,0,2025-03-02
CUST-0331,52,Male,318.94,15,20.58,8,6,1,2025-04-10
CUST-0332,33,Male,198.49,8,27.53,13,8,0,2025-11-03
CUST-0333,58,Male,104.18,10,10.63,181,5,0,2025-12-20
CUST-0334,53,Male,623.41,14,37.64,11,3,1,2025-07-23
CUST-0335,50,Female,508.83,16,33.14,50,5,1,2025-09-15
CUST-0336,21,Female,230.36,10,20.28,51,1,0,2025-01-05
CUST-0337,50,Male,516.64,12,49.18,40,8,0,2025-07-16
CUST-0338,31,Other,683.42,11,58.12,62,6,0,2025-06-29
CUST-0339,38,Female,165.31,11,12.62,15,4,1,2025-12-08
CUST-0340,65,Male,264.21,15,20.95,48,7,1,2025-05-13
CUST-0341,37,Male,184.42,11,20.87,27,1,1,2025-11-20
CUST-0342,25,Male,275.09,15,18.84,65,7,0,2025-09-10
CUST-0343,24,Male,547.13,12,54.47,9,3,1,2025-09-22
CUST-0344,20,Male,680.59,21,29.48,50,9,0,2025-04-03
CUST-0345,34,Male,230.62,7,28.26,12,4,0,2025-05-30
CUST-0346,50,Male,106.56,11,9.95,19,2,1,2025-05-18
CUST-0347,65,Male,306.61,7,48.48,14,4,0,2025-07-27
CUST-0348,29,Female,122.62,8,15.74,12,6,1,2025-05-05
CUST-0349,68,Male,560.98,15,34.33,104,2,0,2025-08-22
CUST-0350,39,Female,345.73,11,39.11,20,1,1,2025-03-02
CUST-0351,39,Male,931.21,12,74.92,157,7,0,2025-11-03
CUST-0352,63,Other,236.76,15,15.1,210,7,0,2025-09-23
CUST-0353,47,Male,79.91,14,5.41,50,6,0,2025-05-14
CUST-0354,55,Male,397.97,12,36.98,9,8,0,2025-11-14
CUST-0355,55,Other,1376.59,13,97.54,28,7,1,2025-04-23
CUST-0356,62,Female,466.06,8,69.64,95,5,0,2025-07-10
CUST-0357,68,Female,396.4,12,37.55,27,6,1,2025-07-06
CUST-0358,25,Male,85.15,3,24.66,5,6,0,2025-11-15
CUST-0359,44,Male,824.36,14,53.75,48,7,1,2025-03-30
CUST-0360,44,Female,89.22,6,18.46,111,6,0,2025-07-06
CUST-0361,51,Female,792.69,20,44.07,95,3,1,2025-11-03
CUST-0362,38,Female,397.26,10,44.85,11,3,1,2025-05-12
CUST-0363,47,Female,568.25,10,62.56,67,1,1,2025-12-26
CUST-0364,50,Male,2182.85,14,173.43,14,5,0,2025-05-03
CUST-0365,45,Female,276.61,8,41.91,14,3,1,2025-02-17
CUST-0366,64,Male,335.99,14,24.4,124,9,0,2025-10-15
CUST-0367,50,Male,320.81,9,32.61,17,8,0,2025-06-28
CUST-0368,22,Male,119.49,10,11.46,18,4,1,2025-06-29
CUST-0369,65,Female,303.41,13,21.83,0,2,0,2025-04-09
CUST-0370,36,Male,194.05,9,25.9,122,3,1,2025-11-26
CUST-0371,21,Male,371.11,13,24.18,94,2,1,2025-02-03
CUST-0372,52,Female,535.65,13,36.29,59,4,0,2025-03-11
CUST-0373,66,Male,340.31,15,20.22,83,4,0,2025-06-20
CUST-0374,34,Female,952.55,13,64.89,9,5,0,2025-09-29
CUST-0375,61,Male,271.97,7,33.12,36,8,1,2025-02-28
CUST-0376,45,Female,603.23,18,32.93,25,6,1,2025-06-30
CUST-0377,47,Female,263.33,11,27.2,5,3,1,2025-01-19
CUST-0378,46,Male,418.53,11,36.35,39,5,0,2025-08-14
CUST-0379,63,Male,1132.56,19,54.33,152,6,0,2025-04-05
CUST-0380,23,Male,150.87,7,19.68,2,3,0,2025-10-24
CUST-0381,52,Male,382.52,17,22.31,20,8,1,2025-03-22
CUST-0382,58,Other,228.36,10,27.6,13,8,1,2025-06-24
CUST-0383,54,Male,252.15,18,14.77,16,5,1,2025-08-10
CUST-0384,41,Female,355.05,15,20.26,143,4,1,2025-04-13
CUST-0385,46,Male,385.96,15,24.89,37,2,1,2025-02-23
CUST-0386,66,Female,454.54,8,55.96,37,6,0,2025-07-02
CUST-0387,63,Female,140.74,4,38.77,85,5,0,2025-12-17
CUST-0388,48,Female,563.73,16,37.19,10,6,1,2025-11-14
CUST-0389,52,Male,766.87,12,55.18,40,7,1,2025-12-21
CUST-0390,50,Male,487.96,15,30.5,33,3,1,2025-12-15
CUST-0391,69,Male,606.74,13,41.86,54,9,0,2025-11-17
CUST-0392,38,Female,305.62,10,31.13,365,2,1,2025-03-09
CUST-0393,49,Female,531.09,13,38.83,88,0,0,2025-01-28
CUST-0394,40,Other,167.93,8,23.34,30,6,1,2025-10-01
CUST-0395,50,Male,58.1,7,7.67,105,4,1,2025-10-09
CUST-0396,20,Female,444.98,15,30.55,11,6,0,2025-12-26
CUST-0397,35,Female,987.65,13,77.76,1,4,1,2025-11-07
CUST-0398,42,Male,795.32,13,57.73,13,5,0,2025-04-29
CUST-0399,59,Male,694.14,10,59.1,24,2,0,2025-05-14
CUST-0400,48,Female,688.75,12,69.52,42,5,1,2025-05-09
CUST-0401,20,Female,591.84,15,34.92,57,4,1,2025-01-08
CUST-0402,57,Female,512.76,15,37.28,144,3,0,2025-02-20
CUST-0403,63,Male,446.94,20,22.86,42,5,0,2025-12-07
CUST-0404,41,Female,221.52,10,27.39,41,3,1,2025-10-08
CUST-0405,67,Male,441.06,10,47.92,3,3,0,2025-06-24
CUST-0406,49,Male,750.88,11,68.19,2,4,1,2025-07-02
CUST-0407,64,Male,425.89,17,30.46,48,8,1,2025-07-11
CUST-0408,39,Female,277.09,11,25.28,34,5,1,2025-09-06
CUST-0409,40,Female,543.06,14,33.13,109,4,1,2025-08-23
CUST-0410,19,Female,520.03,13,47.5,10,4,1,2025-03-24
CUST-0411,44,Male,231.05,15,13.93,1,4,0,2025-04-03
CUST-0412,59,Female,104.63,13,8.35,35,4,1,2025-11-08
CUST-0413,19,Male,328.6,13,23.8,16,7,1,2025-09-25
CUST-0414,43,Female,187.11,13,15.92,3,8,1,2025-04-30
CUST-0415,34,Male,274.11,13,24.41,77,7,0,2025-03-12
CUST-0416,57,Male,314.32,12,30.31,7,3,0,2025-01-17
CUST-0417,50,Male,104.48,5,25.23,56,6,1,2025-09-10
CUST-0418,26,Male,1038.09,15,79.16,19,6,1,2025-05-02
CUST-0419,60,Female,644.05,15,40.29,11,4,1,2025-01-10
CUST-0420,65,Female,502.87,11,39.66,28,6,1,2025-10-14
CUST-0421,56,Male,541.44,10,48.1,97,9,1,2025-11-12
CUST-0422,46,Female,107.75,6,16.72,29,6,1,2025-11-22
CUST-0423,59,Male,677.88,13,61.77,83,4,1,2025-09-30
CUST-0424,43,Female,376.64,13,31.64,8,6,0,2025-11-02
CUST-0425,52,Female,594.78,13,49.52,88,7,1,2025-10-20
CUST-0426,67,Female,109.68,7,17.41,16,4,0,2025-07-29
CUST-0427,42,Male,209.89,16,13.04,67,3,0,2025-08-06
CUST-0428,41,Female,713.17,13,54.09,50,4,0,2025-08-29
CUST-0429,30,Female,313.07,8,41.51,158,5,1,2025-07-19
CUST-0430,24,Male,181.43,10,19.27,29,3,1,2025-08-04
CUST-0431,53,Male,200.09,9,19.65,4,5,1,2025-07-24
CUST-0432,62,Female,725.89,10,65.06,1,3,0,2025-08-04
CUST-0433,37,Female,134.76,9,16.22,105,5,0,2025-03-21
CUST-0434,18,Female,1137.58,11,88.73,44,5,0,2025-09-24
CUST-0435,25,Female,159.49,7,19.29,89,5,0,2025-02-04
CUST-0436,63,Female,632.86,14,48.57,16,6,1,2025-10-16
CUST-0437,33,Male,281.67,11,27.19,25,6,0,2025-01-18
CUST-0438,31,Male,715.01,15,47.56,1,6,1,2025-06-14
CUST-0439,29,Male,365.37,13,23.89,195,5,1,2025-01-13
CUST-0440,68,Female,518.26,15,30.03,66,7,1,2025-07-21
CUST-0441,40,Male,570.89,20,33.94,162,3,1,2025-08-17
CUST-0442,32,Female,86.86,5,18.15,18,5,0,2025-12-12
CUST-0443,45,Female,474.77,9,51.65,56,7,1,2025-01-01
CUST-0444,51,Female,414.3,17,24.34,68,2,1,2025-11-15
CUST-0445,19,Male,228.01,9,28.87,22,8,0,2025-08-05
CUST-0446,49,Female,229.44,11,18.24,113,4,0,2025-02-03
CUST-0447,40,Male,38.12,5,7.12,176,2,0,2025-12-25
CUST-0448,39,Female,569.86,17,29.53,129,5,0,2025-09-23
CUST-0449,68,Male,1932.48,12,140.83,80,5,0,2025-05-08
CUST-0450,42,Male,582.87,10,53.02,19,4,1,2025-07-31
CUST-0451,39,Female,670.62,21,32.73,19,6,1,2025-09-20
CUST-0452,39,Male,561.08,19,28.28,198,8,0,2025-11-08
CUST-0453,66,Male,319.01,11,33.56,0,4,0,2025-03-21
CUST-0454,69,Female,442.56,9,45.98,75,3,0,2025-06-14
CUST-0455,59,Female,113.74,8,16.31,73,6,0,2025-09-09
CUST-0456,23,Female,905.23,13,64.62,58,4,1,2025-01-12
CUST-0457,32,Female,317.58,7,50.87,276,2,1,2025-10-31
CUST-0458,60,Female,388.4,9,50.95,22,3,1,2025-07-31
CUST-0459,54,Male,596.99,16,43.08,24,1,1,2025-10-09
CUST-0460,50,Male,322.02,12,33.51,4,9,1,2025-04-22
CUST-0461,25,Male,862.86,16,49.59,35,5,0,2025-07-30
CUST-0462,61,Female,619.45,12,47.23,18,3,1,2025-08-27
CUST-0463,61,Female,296.34,11,26.78,25,4,0,2025-09-25
CUST-0464,22,Male,324.65,16,23.47,107,3,0,2025-10-25
CUST-0465,56,Male,352.04,12,35.2,164,4,0,2025-11-13
CUST-0466,21,Female,948.44,14,83.88,12,6,1,2025-02-27
CUST-0467,23,Male,68.22,5,15.75,27,4,1,2025-02-03
CUST-0468,62,Female,238.15,15,13.73,158,2,1,2025-09-20
CUST-0469,49,Female,262.24,8,36.56,3,6,1,2025-12-31
CUST-0470,69,Female,257.2,8,34.14,5,3,1,2025-02-04
CUST-0471,47,Male,464.23,15,36.75,10,6,1,2025-09-28
CUST-0472,64,Female,306.74,9,38.34,54,2,0,2025-08-15
CUST-0473,52,Female,262.64,9,28.96,9,8,1,2025-01-25
CUST-0474,57,Female,1013.39,12,80.96,206,3,0,2025-08-22
CUST-0475,69,Female,136.55,12,12.67,35,6,1,2025-02-28
CUST-0476,33,Female,116.04,7,20.14,41,4,1,2025-09-08
CUST-0477,30,Female,476.37,16,31.13,16,5,1,2025-12-01
CUST-0478,67,Male,99.41,9,12.36,38,6,1,2025-03-27
CUST-0479,59,Female,264.57,10,29.8,65,1,0,2025-09-08
CUST-0480,47,Female,1381.21,13,89.74,83,5,1,2025-06-29
CUST-0481,36,Male,526.35,15,33.53,84,7,0,2025-07-26
CUST-0482,34,Female,700.11,18,38.03,51,6,0,2025-12-10
CUST-0483,36,Female,120.21,8,15.55,140,6,0,2025-05-29
CUST-0484,45,Female,333.45,15,22.88,102,7,1,2025-03-12
CUST-0485,43,Male,214.98,8,26.44,84,4,0,2025-05-01
CUST-0486,54,Male,413.29,14,27.37,3,3,1,2025-09-10
CUST-0487,43,Other,849.5,11,71.45,0,8,0,2025-04-03
CUST-0488,40,Female,603.04,15,46.28,14,4,1,2025-09-13
CUST-0489,26,Male,221.01,13,17.0,65,5,1,2025-09-11
CUST-0490,29,Female,629.65,17,38.39,31,5,1,2025-12-18
CUST-0491,18,Female,410.14,8,44.65,30,3,0,2025-10-15
CUST-0492,18,Female,898.04,13,65.63,129,9,0,2025-11-05
CUST-0493,64,Female,519.55,6,85.48,135,8,1,2025-02-28
CUST-0494,51,Male,243.83,16,18.01,143,6,0,2025-03-10
CUST-0495,49,Male,297.08,14,20.36,22,3,1,2025-03-27
CUST-0496,65,Male,158.23,12,15.57,70,5,1,2025-10-01
CUST-0497,42,Female,322.87,12,28.78,19,5,1,2025-08-15
CUST-0498,57,Male,450.61,12,43.81,12,5,1,2025-03-22
CUST-0499,62,Male,644.81,10,59.88,12,3,1,2025-04-24
CUST-0500,18,Male,195.46,7,31.64,25,7,1,2025-07-03
